{
  "StartTime": 0,
  "TimeDuration": 0.0402496337890625,
  "MasterClockRate": 1.6384E+6,
  "NumReceiveAntennas": 4,
  "SampleRateOffset": 0,
  "DCOffset": -57.825444200952361,
  "SDRDecimationFactor": 1,
  "IqImbalanceConfig": {
    "A": 3.5295250801621774,
    "P": 2.7419421849520327
  },
  "MemoryLessNonlinearityConfig": {
    "InputScaling": 0.53515622151085629,
    "AMAMParametersLeft1": [
      8.1075,
      8.1085
    ],
    "AMAMParametersLeft2": [
      1.541,
      1.542
    ],
    "AMAMParametersRight1": [
      6.52,
      6.521
    ],
    "AMAMParametersRight2": [
      -0.071,
      -0.072
    ],
    "AMPMParametersLeft1": [
      4.664,
      4.665
    ],
    "AMPMParametersLeft2": [
      2.096,
      2.097
    ],
    "AMPMParametersRight1": [
      10.8,
      10.9
    ],
    "AMPMParametersRight2": [
      -0.002,
      -0.004
    ],
    "OutputScaling": -0.72136197523670376,
    "Method": "Ghorbani model",
    "AMAMParameters": [
      8.10847550609393,
      1.5411747654375618,
      6.5203190243990159,
      -0.071648391614435217
    ],
    "AMPMParameters": [
      8.1077799566496846,
      1.5417638406320153,
      6.5208569204393321,
      -0.0710372480589287
    ],
    "ReferenceImpedance": 1
  },
  "ThermalNoiseConfig": {
    "NoiseFigure": 16.67824257441071
  },
  "SNRs": [
    2.9672013925812086,
    4.504873776290836,
    1.3597241372477853,
    1.621815746375169
  ],
  "SiteConfig": {
    "owner": "ShuoChang",
    "location": "Beijing",
    "Name": "Rx_ShuoChang_Beijing_20250226_161915"
  },
  "SDRMode": "Zero-IF Receiver",
  "tx": [
    [
      {
        "BandWidth": [
          -202800,
          201600
        ],
        "SamplePerSymbol": 1,
        "ModulatorOrder": 4,
        "IsDigital": true,
        "NumTransmitAntennas": 2,
        "ModulatorConfig": {
          "ostbcSymbolRate": 0.5,
          "base": {
            "mode": "psk",
            "PhaseOffset": 1.4078056638372805,
            "SymbolOrder": "bin"
          },
          "ofdm": {
            "FFTLength": 1024,
            "NumGuardBandCarriers": [
              5,
              8
            ],
            "InsertDCNull": true,
            "CyclicPrefixLength": 29,
            "Subcarrierspacing": 400,
            "Windowing": false
          }
        },
        "SampleRate": 1.6384E+6,
        "TimeDuration": 0.0051416015625,
        "SamplePerFrame": 8424,
        "ModulatorType": "OFDM",
        "baseModulatorType": "psk",
        "StartTime": 0.035,
        "CarrierFrequency": 241500,
        "DCOffset": -47.693347964079791,
        "IqImbalanceConfig": {
          "A": 1.8349158444858733,
          "P": 1.0021505913581157
        },
        "MemoryLessNonlinearityConfig": {
          "InputScaling": 0.83628305510860912,
          "AMAMParametersLeft": [
            2.157,
            2.159
          ],
          "AMAMParametersRight": [
            1.151,
            1.152
          ],
          "AMPMParametersLeft": [
            4.003,
            4.004
          ],
          "AMPMParametersRight": [
            9.103,
            9.105
          ],
          "OutputScaling": -0.44745865411507824,
          "Method": "Saleh model",
          "AMAMParameters": [
            2.1572198172637189,
            1.1519860163090514
          ],
          "AMPMParameters": [
            4.003401276930858,
            9.10468660701594
          ],
          "ReferenceImpedance": 1
        },
        "PhaseNoiseConfig": {
          "Level": -145,
          "FrequencyOffset": 102
        },
        "SDRInterpolationFactor": 4,
        "TxSiteConfig": {
          "owner": "ShuoChang",
          "location": "Beijing",
          "Name": "Tx_ShuoChang_Beijing_20250226_161913"
        },
        "SDRMode": "Zero-IF Receiver",
        "PathDelays": [
          0,
          1E-7,
          9.9999999999999991E-6,
          9.9999999999999991E-6
        ],
        "AveragePathGains": [
          0,
          -3.3333333333333335,
          -6.666666666666667,
          -10
        ],
        "NumReceiveAntennas": 4,
        "FadingDistribution": "Rayleigh",
        "MaximumDopplerShift": 0.0021615746377119213,
        "mode": "MIMO"
      }
    ]
  ],
  "filePrefix": "Frame_000004_Rx_0001"
}