{
  "StartTime": 0,
  "TimeDuration": 0.27398132324218749,
  "MasterClockRate": 1.6384E+6,
  "NumReceiveAntennas": 2,
  "SampleRateOffset": 0,
  "DCOffset": -48.468826662779563,
  "SDRDecimationFactor": 1,
  "IqImbalanceConfig": {
    "A": 3.2306446038706111,
    "P": 2.4137073477542303
  },
  "MemoryLessNonlinearityConfig": {
    "InputScaling": 0.41536207025579119,
    "AMAMParametersLeft1": [
      8.1075,
      8.1085
    ],
    "AMAMParametersLeft2": [
      1.541,
      1.542
    ],
    "AMAMParametersRight1": [
      6.52,
      6.521
    ],
    "AMAMParametersRight2": [
      -0.071,
      -0.072
    ],
    "AMPMParametersLeft1": [
      4.664,
      4.665
    ],
    "AMPMParametersLeft2": [
      2.096,
      2.097
    ],
    "AMPMParametersRight1": [
      10.8,
      10.9
    ],
    "AMPMParametersRight2": [
      -0.002,
      -0.004
    ],
    "OutputScaling": 0.30352514910653672,
    "Method": "Ghorbani model",
    "AMAMParameters": [
      8.108163046045874,
      1.5411752114608457,
      6.5201773650243258,
      -0.071864278948095384
    ],
    "AMPMParameters": [
      8.1079420644905547,
      1.5414271404066364,
      6.520383239347769,
      -0.071367417484024573
    ],
    "ReferenceImpedance": 1
  },
  "ThermalNoiseConfig": {
    "NoiseFigure": 13.971844845323437
  },
  "SNRs": [
    [
      19.9366717615944,
      19.818720701262045,
      19.319083936761455
    ],
    12.254115249676939,
    [
      18.963783815871466,
      28.191563345866989,
      22.368856193886245
    ],
    7.5233361766989084
  ],
  "SiteConfig": {
    "owner": "ShuoChang",
    "location": "Beijing",
    "Name": "Rx_ShuoChang_Beijing_20250226_161918"
  },
  "SDRMode": "Zero-IF Receiver",
  "tx": [
    [
      {
        "BandWidth": [
          -22888,
          22888
        ],
        "SamplePerSymbol": 6,
        "ModulatorOrder": 2,
        "IsDigital": true,
        "NumTransmitAntennas": 1,
        "ModulatorConfig": {
          "ostbcSymbolRate": 0.75,
          "beta": 0.72635860220472914,
          "span": 14
        },
        "SampleRate": 1.152E+6,
        "TimeDuration": 0.03,
        "SamplePerFrame": 34560,
        "ModulatorType": "OOK",
        "StartTime": 0.086000000000000007,
        "CarrierFrequency": 30572,
        "DCOffset": -48.447731606588441,
        "IqImbalanceConfig": {
          "A": 3.1510381215671117,
          "P": 2.8169278201288965
        },
        "MemoryLessNonlinearityConfig": {
          "InputScaling": -0.63612330228005742,
          "AMAMParametersLeft": [
            2.157,
            2.159
          ],
          "AMAMParametersRight": [
            1.151,
            1.152
          ],
          "AMPMParametersLeft": [
            4.003,
            4.004
          ],
          "AMPMParametersRight": [
            9.103,
            9.105
          ],
          "OutputScaling": -0.25372571911585395,
          "Method": "Saleh model",
          "AMAMParameters": [
            2.157087144617595,
            1.1515556120722668
          ],
          "AMPMParameters": [
            4.0032123155937507,
            9.103636831472528
          ],
          "ReferenceImpedance": 1
        },
        "PhaseNoiseConfig": {
          "Level": -109,
          "FrequencyOffset": 104
        },
        "SDRInterpolationFactor": 6,
        "TxSiteConfig": {
          "owner": "ShuoChang",
          "location": "Beijing",
          "Name": "Tx_ShuoChang_Beijing_20250226_161915"
        },
        "SDRMode": "Zero-IF Receiver",
        "PathDelays": [
          0,
          1E-6,
          9.9999999999999991E-6
        ],
        "AveragePathGains": [
          0,
          -5,
          -10
        ],
        "NumReceiveAntennas": 2,
        "FadingDistribution": "Rician",
        "KFactor": 6.3887602584748571,
        "MaximumDopplerShift": 0.0016364394258194582,
        "mode": "SIMO"
      },
      {
        "BandWidth": [
          -23028,
          23028
        ],
        "SamplePerSymbol": 6,
        "ModulatorOrder": 2,
        "IsDigital": true,
        "NumTransmitAntennas": 1,
        "ModulatorConfig": {
          "ostbcSymbolRate": 0.75,
          "beta": 0.72635860220472914,
          "span": 14
        },
        "SampleRate": 1.152E+6,
        "TimeDuration": 0.0190625,
        "SamplePerFrame": 21960,
        "ModulatorType": "OOK",
        "StartTime": 0.132,
        "CarrierFrequency": 30572,
        "DCOffset": -48.447731606588441,
        "IqImbalanceConfig": {
          "A": 3.1510381215671117,
          "P": 2.8169278201288965
        },
        "MemoryLessNonlinearityConfig": {
          "InputScaling": -0.63612330228005742,
          "AMAMParametersLeft": [
            2.157,
            2.159
          ],
          "AMAMParametersRight": [
            1.151,
            1.152
          ],
          "AMPMParametersLeft": [
            4.003,
            4.004
          ],
          "AMPMParametersRight": [
            9.103,
            9.105
          ],
          "OutputScaling": -0.25372571911585395,
          "Method": "Saleh model",
          "AMAMParameters": [
            2.157087144617595,
            1.1515556120722668
          ],
          "AMPMParameters": [
            4.0032123155937507,
            9.103636831472528
          ],
          "ReferenceImpedance": 1
        },
        "PhaseNoiseConfig": {
          "Level": -109,
          "FrequencyOffset": 104
        },
        "SDRInterpolationFactor": 6,
        "TxSiteConfig": {
          "owner": "ShuoChang",
          "location": "Beijing",
          "Name": "Tx_ShuoChang_Beijing_20250226_161915"
        },
        "SDRMode": "Zero-IF Receiver",
        "PathDelays": [
          0,
          1E-6,
          9.9999999999999991E-6
        ],
        "AveragePathGains": [
          0,
          -5,
          -10
        ],
        "NumReceiveAntennas": 2,
        "FadingDistribution": "Rician",
        "KFactor": 6.3887602584748571,
        "MaximumDopplerShift": 0.0016364394258194582,
        "mode": "SIMO"
      },
      {
        "BandWidth": [
          -22834,
          22834
        ],
        "SamplePerSymbol": 6,
        "ModulatorOrder": 2,
        "IsDigital": true,
        "NumTransmitAntennas": 1,
        "ModulatorConfig": {
          "ostbcSymbolRate": 0.75,
          "beta": 0.72635860220472914,
          "span": 14
        },
        "SampleRate": 1.152E+6,
        "TimeDuration": 0.0278125,
        "SamplePerFrame": 32040,
        "ModulatorType": "OOK",
        "StartTime": 0.24606250000000002,
        "CarrierFrequency": 30572,
        "DCOffset": -48.447731606588441,
        "IqImbalanceConfig": {
          "A": 3.1510381215671117,
          "P": 2.8169278201288965
        },
        "MemoryLessNonlinearityConfig": {
          "InputScaling": -0.63612330228005742,
          "AMAMParametersLeft": [
            2.157,
            2.159
          ],
          "AMAMParametersRight": [
            1.151,
            1.152
          ],
          "AMPMParametersLeft": [
            4.003,
            4.004
          ],
          "AMPMParametersRight": [
            9.103,
            9.105
          ],
          "OutputScaling": -0.25372571911585395,
          "Method": "Saleh model",
          "AMAMParameters": [
            2.157087144617595,
            1.1515556120722668
          ],
          "AMPMParameters": [
            4.0032123155937507,
            9.103636831472528
          ],
          "ReferenceImpedance": 1
        },
        "PhaseNoiseConfig": {
          "Level": -109,
          "FrequencyOffset": 104
        },
        "SDRInterpolationFactor": 6,
        "TxSiteConfig": {
          "owner": "ShuoChang",
          "location": "Beijing",
          "Name": "Tx_ShuoChang_Beijing_20250226_161915"
        },
        "SDRMode": "Zero-IF Receiver",
        "PathDelays": [
          0,
          1E-6,
          9.9999999999999991E-6
        ],