{
  "StartTime": 0,
  "TimeDuration": 0.4502668918918919,
  "MasterClockRate": 296000,
  "NumReceiveAntennas": 1,
  "SampleRateOffset": 0,
  "DCOffset": -52.420725571016881,
  "SDRDecimationFactor": 1,
  "IqImbalanceConfig": {
    "A": 0.74760032063688087,
    "P": 0.55063415118972614
  },
  "MemoryLessNonlinearityConfig": {
    "LinearGain": 9.9990427012714562,
    "Smoothness": 0.50501827247222719,
    "PhaseGainRadian": -0.25949533880007386,
    "PhaseSaturation": 0.82191715798761056,
    "PhaseSmoothness": 3.2328504606116564,
    "OutputSaturationLevel": 0.9684609994793193,
    "Method": "Modified Rapp model",
    "ReferenceImpedance": 1
  },
  "ThermalNoiseConfig": {
    "NoiseFigure": 12.763467208294117
  },
  "SNRs": [
    [
      19.003509937747289,
      22.585878052916716
    ],
    18.219286183953251
  ],
  "SiteConfig": {
    "owner": "ShuoChang",
    "location": "Beijing",
    "Name": "Rx_ShuoChang_Beijing_20250226_161929"
  },
  "SDRMode": "Zero-IF Receiver",
  "tx": [
    [
      {
        "BandWidth": [
          -30365,
          30365
        ],
        "SamplePerSymbol": 4,
        "ModulatorOrder": 256,
        "IsDigital": true,
        "NumTransmitAntennas": 1,
        "ModulatorConfig": {
          "ostbcSymbolRate": 1,
          "stdSuffix": "s2x",
          "frameLength": "normal",
          "codeIDF": "128/180",
          "beta": 0.93375532447886855,
          "span": 12
        },
        "SampleRate": 296000,
        "TimeDuration": 0.0029189189189189188,
        "SamplePerFrame": 864,
        "ModulatorType": "DVBSAPSK",
        "StartTime": 0.026000000000000002,
        "CarrierFrequency": 32235,
        "DCOffset": -50.928862122915412,
        "IqImbalanceConfig": {
          "A": 0.5737349937125652,
          "P": 0.935696905644513
        },
        "MemoryLessNonlinearityConfig": {
          "InputScaling": 0.15018401569797479,
          "AMAMParametersLeft": [
            2.157,
            2.159
          ],
          "AMAMParametersRight": [
            1.151,
            1.152
          ],
          "AMPMParametersLeft": [
            4.003,
            4.004
          ],
          "AMPMParametersRight": [
            9.103,
            9.105
          ],
          "OutputScaling": 0.52732217690126237,
          "Method": "Saleh model",
          "AMAMParameters": [
            2.1575579841112291,
            1.1513519893666813
          ],
          "AMPMParameters": [
            4.0031369965494852,
            9.1045940894871649
          ],
          "ReferenceImpedance": 1
        },
        "PhaseNoiseConfig": {
          "Level": -119,
          "FrequencyOffset": 22
        },
        "SDRInterpolationFactor": 2,
        "TxSiteConfig": {
          "owner": "ShuoChang",
          "location": "Beijing",
          "Name": "Tx_ShuoChang_Beijing_20250226_161925"
        },
        "SDRMode": "Zero-IF Receiver",
        "PathDelays": [
          0,
          1E-6
        ],
        "AveragePathGains": [
          0,
          -10
        ],
        "NumReceiveAntennas": 1,
        "FadingDistribution": "Rician",
        "KFactor": 3.1282211258263186,
        "MaximumDopplerShift": 0.0023943096593452835,
        "mode": "SISO"
      },
      {
        "BandWidth": [
          -28992,
          28992
        ],
        "SamplePerSymbol": 4,
        "ModulatorOrder": 256,
        "IsDigital": true,
        "NumTransmitAntennas": 1,
        "ModulatorConfig": {
          "ostbcSymbolRate": 1,
          "stdSuffix": "s2x",
          "frameLength": "normal",
          "codeIDF": "128/180",
          "beta": 0.93375532447886855,
          "span": 12
        },
        "SampleRate": 296000,
        "TimeDuration": 0.003108108108108108,
        "SamplePerFrame": 920,
        "ModulatorType": "DVBSAPSK",
        "StartTime": 0.063918918918918932,
        "CarrierFrequency": 32235,
        "DCOffset": -50.928862122915412,
        "IqImbalanceConfig": {
          "A": 0.5737349937125652,
          "P": 0.935696905644513
        },
        "MemoryLessNonlinearityConfig": {
          "InputScaling": 0.15018401569797479,
          "AMAMParametersLeft": [
            2.157,
            2.159
          ],
          "AMAMParametersRight": [
            1.151,
            1.152
          ],
          "AMPMParametersLeft": [
            4.003,
            4.004
          ],
          "AMPMParametersRight": [
            9.103,
            9.105
          ],
          "OutputScaling": 0.52732217690126237,
          "Method": "Saleh model",
          "AMAMParameters": [
            2.1575579841112291,
            1.1513519893666813
          ],
          "AMPMParameters": [
            4.0031369965494852,
            9.1045940894871649
          ],
          "ReferenceImpedance": 1
        },
        "PhaseNoiseConfig": {
          "Level": -119,
          "FrequencyOffset": 22
        },
        "SDRInterpolationFactor": 2,
        "TxSiteConfig": {
          "owner": "ShuoChang",
          "location": "Beijing",
          "Name": "Tx_ShuoChang_Beijing_20250226_161925"
        },
        "SDRMode": "Zero-IF Receiver",
        "PathDelays": [
          0,
          1E-6
        ],
        "AveragePathGains": [
          0,
          -10
        ],
        "NumReceiveAntennas": 1,
        "FadingDistribution": "Rician",
        "KFactor": 3.1282211258263186,
        "MaximumDopplerShift": 0.0023943096593452835,
        "mode": "SISO"
      }
    ],
    [
      {
        "BandWidth": [
          -1399,
          1399
        ],
        "SamplePerSymbol": 2,
        "ModulatorOrder": 1,
        "IsDigital": false,
        "NumTransmitAntennas": 1,
        "ModulatorConfig": {
          "ostbcSymbolRate": 0.5,
          "carramp": 1.1934097336498533,
          "initPhase": 0
        },
        "SampleRate": 264600,
        "TimeDuration": 0.40816326530612246,
        "SamplePerFrame": 108000,
        "ModulatorType": "DSBAM",
        "StartTime": 0.042,
        "CarrierFrequency": 72501,
        "DCOffset": -48.418876968514581,
        "IqImbalanceConfig": {
          "A": 3.0715429934294352,
          "P": 3.5736371132122309
        },
        "MemoryLessNonlinearityConfig": {
          "LinearGain": 0.74470883144613587,
          "IIP3": 33.30599208936043,
          "AMPMConversion": 11.61762878637192,
          "PowerLowerLimit": 10,
          "PowerUpperLimit": null,
          "Method": "Hyperbolic tangent",
          "ReferenceImpedance": 1
        },
        "PhaseNoiseConfig": {
          "Level": -135,
          "FrequencyOffset": 80
        },
        "SDRInterpolationFactor": 6,
        "TxSiteConfig": {
          "owner": "ShuoChang",
          "location": "Beijing",
          "Name": "Tx_ShuoChang_Beijing_20250226_161925"
        },
        "SDRMode": "Zero-IF Receiver",
        "PathDelays": [
          0,
          1E-6
        ],
        "AveragePathGains": [
          0,
          -10
        ],
        "NumReceiveAntennas": 1,
        "FadingDistribution": "Rayleigh",
        "MaximumDopplerShift": 0.0050472133210145752,
        "mode": "SISO"
      }
    ]
  ],
  "filePrefix": "Frame_000006_Rx_0001"
}