{
  "StartTime": 0,
  "TimeDuration": 0.273975830078125,
  "MasterClockRate": 1.6384E+6,
  "NumReceiveAntennas": 4,
  "SampleRateOffset": 0,
  "DCOffset": -58.490337689282192,
  "SDRDecimationFactor": 1,
  "IqImbalanceConfig": {
    "A": 4.7998703551538178,
    "P": 2.3693647455353668
  },
  "MemoryLessNonlinearityConfig": {
    "LinearGain": 0.16687517701354904,
    "IIP3": 27.720267304631594,
    "AMPMConversion": 14.753753655098148,
    "PowerLowerLimit": 10,
    "PowerUpperLimit": null,
    "Method": "Hyperbolic tangent",
    "ReferenceImpedance": 1
  },
  "ThermalNoiseConfig": {
    "NoiseFigure": 13.034489490508042
  },
  "SNRs": [
    [
      12.46573580699641,
      8.9639369405143672,
      7.8195894807474184
    ],
    14.023846387409014,
    [
      6.485933850033855,
      -3.0572802518939,
      6.2984918898561695
    ],
    14.153275319063937,
    [
      8.177624450747917,
      10.786370406224769,
      9.256453502119669
    ],
    14.074767966797911,
    [
      7.6820387635259246,
      -4.5338024507305761,
      8.6340438232930428
    ],
    12.721125959621721
  ],
  "SiteConfig": {
    "owner": "ShuoChang",
    "location": "Beijing",
    "Name": "Rx_ShuoChang_Beijing_20250226_161918"
  },
  "SDRMode": "Zero-IF Receiver",
  "tx": [
    [
      {
        "BandWidth": [
          -22888,
          22888
        ],
        "SamplePerSymbol": 6,
        "ModulatorOrder": 2,
        "IsDigital": true,
        "NumTransmitAntennas": 1,
        "ModulatorConfig": {
          "ostbcSymbolRate": 0.75,
          "beta": 0.72635860220472914,
          "span": 14
        },
        "SampleRate": 1.152E+6,
        "TimeDuration": 0.03,
        "SamplePerFrame": 34560,
        "ModulatorType": "OOK",
        "StartTime": 0.086000000000000007,
        "CarrierFrequency": 30572,
        "DCOffset": -48.447731606588441,
        "IqImbalanceConfig": {
          "A": 3.1510381215671117,
          "P": 2.8169278201288965
        },
        "MemoryLessNonlinearityConfig": {
          "InputScaling": -0.63612330228005742,
          "AMAMParametersLeft": [
            2.157,
            2.159
          ],
          "AMAMParametersRight": [
            1.151,
            1.152
          ],
          "AMPMParametersLeft": [
            4.003,
            4.004
          ],
          "AMPMParametersRight": [
            9.103,
            9.105
          ],
          "OutputScaling": -0.25372571911585395,
          "Method": "Saleh model",
          "AMAMParameters": [
            2.157087144617595,
            1.1515556120722668
          ],
          "AMPMParameters": [
            4.0032123155937507,
            9.103636831472528
          ],
          "ReferenceImpedance": 1
        },
        "PhaseNoiseConfig": {
          "Level": -109,
          "FrequencyOffset": 104
        },
        "SDRInterpolationFactor": 6,
        "TxSiteConfig": {
          "owner": "ShuoChang",
          "location": "Beijing",
          "Name": "Tx_ShuoChang_Beijing_20250226_161915"
        },
        "SDRMode": "Zero-IF Receiver",
        "PathDelays": [
          0,
          1E-7,
          9.9999999999999991E-6,
          9.9999999999999991E-6
        ],
        "AveragePathGains": [
          0,
          -3.3333333333333335,
          -6.666666666666667,
          -10
        ],
        "NumReceiveAntennas": 4,
        "FadingDistribution": "Rayleigh",
        "MaximumDopplerShift": 0.0028194352718149073,
        "mode": "SIMO"
      },
      {
        "BandWidth": [
          -23028,
          23028
        ],
        "SamplePerSymbol": 6,
        "ModulatorOrder": 2,
        "IsDigital": true,
        "NumTransmitAntennas": 1,
        "ModulatorConfig": {
          "ostbcSymbolRate": 0.75,
          "beta": 0.72635860220472914,
          "span": 14
        },
        "SampleRate": 1.152E+6,
        "TimeDuration": 0.0190625,
        "SamplePerFrame": 21960,
        "ModulatorType": "OOK",
        "StartTime": 0.132,
        "CarrierFrequency": 30572,
        "DCOffset": -48.447731606588441,
        "IqImbalanceConfig": {
          "A": 3.1510381215671117,
          "P": 2.8169278201288965
        },
        "MemoryLessNonlinearityConfig": {
          "InputScaling": -0.63612330228005742,
          "AMAMParametersLeft": [
            2.157,
            2.159
          ],
          "AMAMParametersRight": [
            1.151,
            1.152
          ],
          "AMPMParametersLeft": [
            4.003,
            4.004
          ],
          "AMPMParametersRight": [
            9.103,
            9.105
          ],
          "OutputScaling": -0.25372571911585395,
          "Method": "Saleh model",
          "AMAMParameters": [
            2.157087144617595,
            1.1515556120722668
          ],
          "AMPMParameters": [
            4.0032123155937507,
            9.103636831472528
          ],
          "ReferenceImpedance": 1
        },
        "PhaseNoiseConfig": {
          "Level": -109,
          "FrequencyOffset": 104
        },
        "SDRInterpolationFactor": 6,
        "TxSiteConfig": {
          "owner": "ShuoChang",
          "location": "Beijing",
          "Name": "Tx_ShuoChang_Beijing_20250226_161915"
        },
        "SDRMode": "Zero-IF Receiver",
        "PathDelays": [
          0,
          1E-7,
          9.9999999999999991E-6,
          9.9999999999999991E-6
        ],
        "AveragePathGains": [
          0,
          -3.3333333333333335,
          -6.666666666666667,
          -10
        ],
        "NumReceiveAntennas": 4,
        "FadingDistribution": "Rayleigh",
        "MaximumDopplerShift": 0.0028194352718149073,
        "mode": "SIMO"
      },
      {
        "BandWidth": [
          -22834,
          22834
        ],
        "SamplePerSymbol": 6,
        "ModulatorOrder": 2,
        "IsDigital": true,
        "NumTransmitAntennas": 1,
        "ModulatorConfig": {
          "ostbcSymbolRate": 0.75,
          "beta": 0.72635860220472914,
          "span": 14
        },
        "SampleRate": 1.152E+6,
        "TimeDuration": 0.0278125,
        "SamplePerFrame": 32040,
        "ModulatorType": "OOK",
        "StartTime": 0.24606250000000002,
        "CarrierFrequency": 30572,
        "DCOffset": -48.447731606588441,
        "IqImbalanceConfig": {
          "A": 3.1510381215671117,
          "P": 2.8169278201288965
        },
        "MemoryLessNonlinearityConfig": {
          "InputScaling": -0.63612330228005742,
          "AMAMParametersLeft": [
            2.157,
            2.159
          ],
          "AMAMParametersRight": [
            1.151,
            1.152
          ],
          "AMPMParametersLeft": [
            4.003,
            4.004
          ],
          "AMPMParametersRight": [
            9.103,
            9.105
          ],
          "OutputScaling": -0.25372571911585395,
          "Method": "Saleh model",
          "AMAMParameters": [
            2.157087144617595,
            1.1515556120722668
          ],
          "AMPMParameters": [
            4.0032123155937507,
            9.103636831472528
          ],
          "ReferenceImpedance": 1
        },
        "PhaseNoiseConfig": {
          "Level": -109,
          "FrequencyOffset": 104
        },
        "SDRInterpolationFactor": 6,
        "TxSiteConfig": {
          "owner": "ShuoChang",
          "location": "Beijing",
          "Name": "Tx_ShuoChang_Beijing_20250226_161915"
        },
        "SDRMode": "Zero-IF Receiver",
        "PathDelays": [
          0,
          1E-7,
          9.9999999999999991E-6,
          9.9999999999999991E-6
        ],
        "AveragePathGains": [
          0,
          -3.3333333333333335,
          -6.666666666666667,
          -10
        ],
        "NumReceiveAntennas": 4,
        "FadingDistribution": "Rayleigh",
        "MaximumDopplerShift": 0.0028194352718149073,
        "mode": "SIMO"
      }
    ],
    [
      {
        "BandWidth": [
          -203400,
          202400
        ],