{
  "StartTime": 0,
  "TimeDuration": 0.40628861003861005,
  "MasterClockRate": 1.036E+6,
  "NumReceiveAntennas": 1,
  "SampleRateOffset": 0,
  "DCOffset": -52.566347177108419,
  "SDRDecimationFactor": 1,
  "IqImbalanceConfig": {
    "A": 2.7805722357751761,
    "P": 1.9919842658839597
  },
  "MemoryLessNonlinearityConfig": {
    "LinearGain": 2.4611360485270239,
    "TOISpecification": "OP1dB",
    "IIP3": 29.902695390504675,
    "OIP3": 22.29884838360449,
    "IP1dB": 33.970745353489477,
    "OP1dB": 29.627536769093602,
    "IPsat": 26.303156389391155,
    "OPsat": 28.098516339545842,
    "AMPMConversion": 10.35621881508408,
    "PowerLowerLimit": 10,
    "PowerUpperLimit": null,
    "Method": "Cubic polynomial",
    "ReferenceImpedance": 1
  },
  "ThermalNoiseConfig": {
    "NoiseFigure": 13.382593295520737
  },
  "SNRs": [
    [
      29.604158367973028,
      30.116596083846382
    ],
    [
      13.585327266875563,
      13.714104110051144,
      12.68439202941779
    ],
    19.107578893680536,
    7.2813045189221937
  ],
  "SiteConfig": {
    "owner": "ShuoChang",
    "location": "Beijing",
    "Name": "Rx_ShuoChang_Beijing_20250226_161906"
  },
  "SDRMode": "Zero-IF Receiver",
  "tx": [
    [
      {
        "BandWidth": [
          -27722,
          27722
        ],
        "SamplePerSymbol": 7,
        "ModulatorOrder": 32,
        "IsDigital": true,
        "NumTransmitAntennas": 4,
        "ModulatorConfig": {
          "ostbcSymbolRate": 0.5,
          "beta": 0.81041198816987015,
          "span": 10
        },
        "SampleRate": 1.036E+6,
        "TimeDuration": 0.010162162162162163,
        "SamplePerFrame": 10528,
        "ModulatorType": "Mill88QAM",
        "StartTime": 0.039,
        "CarrierFrequency": 31878,
        "DCOffset": -40.459074835142019,
        "IqImbalanceConfig": {
          "A": 0.85073351328322944,
          "P": 0.62632292438816961
        },
        "MemoryLessNonlinearityConfig": {
          "LinearGain": 9.66252787042087,
          "TOISpecification": "OP1dB",
          "IIP3": 24.071769111242482,
          "OIP3": 32.636106552222053,
          "IP1dB": 29.319910653118477,
          "OP1dB": 24.308265712044467,
          "IPsat": 24.766436432474528,
          "OPsat": 26.9719604587632,
          "AMPMConversion": 14.717483085224508,
          "PowerLowerLimit": 10,
          "PowerUpperLimit": null,
          "Method": "Cubic polynomial",
          "ReferenceImpedance": 1
        },
        "PhaseNoiseConfig": {
          "Level": -117,
          "FrequencyOffset": 91
        },
        "SDRInterpolationFactor": 4,
        "TxSiteConfig": {
          "owner": "ShuoChang",
          "location": "Beijing",
          "Name": "Tx_ShuoChang_Beijing_20250226_161852"
        },
        "SDRMode": "Zero-IF Receiver",
        "PathDelays": [
          0,
          9.9999999999999991E-6
        ],
        "AveragePathGains": [
          0,
          -10
        ],
        "NumReceiveAntennas": 1,
        "FadingDistribution": "Rician",
        "KFactor": 3.3193418881501358,
        "MaximumDopplerShift": 0.00035665995568115439,
        "mode": "MISO"
      },
      {
        "BandWidth": [
          -27721,
          27721
        ],
        "SamplePerSymbol": 7,
        "ModulatorOrder": 32,
        "IsDigital": true,
        "NumTransmitAntennas": 4,
        "ModulatorConfig": {
          "ostbcSymbolRate": 0.5,
          "beta": 0.81041198816987015,
          "span": 10
        },
        "SampleRate": 1.036E+6,
        "TimeDuration": 0.0056216216216216216,
        "SamplePerFrame": 5824,
        "ModulatorType": "Mill88QAM",
        "StartTime": 0.13916216216216215,
        "CarrierFrequency": 31878,
        "DCOffset": -40.459074835142019,
        "IqImbalanceConfig": {
          "A": 0.85073351328322944,
          "P": 0.62632292438816961
        },
        "MemoryLessNonlinearityConfig": {
          "LinearGain": 9.66252787042087,
          "TOISpecification": "OP1dB",
          "IIP3": 24.071769111242482,
          "OIP3": 32.636106552222053,
          "IP1dB": 29.319910653118477,
          "OP1dB": 24.308265712044467,
          "IPsat": 24.766436432474528,
          "OPsat": 26.9719604587632,
          "AMPMConversion": 14.717483085224508,
          "PowerLowerLimit": 10,
          "PowerUpperLimit": null,
          "Method": "Cubic polynomial",
          "ReferenceImpedance": 1
        },
        "PhaseNoiseConfig": {
          "Level": -117,
          "FrequencyOffset": 91
        },
        "SDRInterpolationFactor": 4,
        "TxSiteConfig": {
          "owner": "ShuoChang",
          "location": "Beijing",
          "Name": "Tx_ShuoChang_Beijing_20250226_161852"
        },
        "SDRMode": "Zero-IF Receiver",
        "PathDelays": [
          0,
          9.9999999999999991E-6
        ],
        "AveragePathGains": [
          0,
          -10
        ],
        "NumReceiveAntennas": 1,
        "FadingDistribution": "Rician",
        "KFactor": 3.3193418881501358,
        "MaximumDopplerShift": 0.00035665995568115439,
        "mode": "MISO"
      }
    ],
    [
      {
        "BandWidth": [
          -11800,
          11400
        ],
        "SamplePerSymbol": 1,
        "ModulatorOrder": 8,
        "IsDigital": true,
        "NumTransmitAntennas": 2,
        "ModulatorConfig": {
          "ostbcSymbolRate": 1,
          "base": {
            "mode": "psk",
            "PhaseOffset": 6.1677232964709994,
            "SymbolOrder": "gray"
          },
          "ofdm": {
            "FFTLength": 128,
            "NumGuardBandCarriers": [
              5,
              7
            ],
            "InsertDCNull": true,
            "CyclicPrefixLength": 17,
            "Subcarrierspacing": 200,
            "Windowing": false
          }
        },
        "SampleRate": 512000,
        "TimeDuration": 0.147265625,
        "SamplePerFrame": 75400,
        "ModulatorType": "OFDM",
        "baseModulatorType": "psk",
        "StartTime": 0.017,
        "CarrierFrequency": 79000,
        "DCOffset": -54.595483693514844,
        "IqImbalanceConfig": {
          "A": 3.5147022602733626,
          "P": 2.1405608170902344
        },
        "MemoryLessNonlinearityConfig": {
          "LinearGain": 3.1819720645633112,
          "IIP3": 23.90315015710123,
          "AMPMConversion": 14.097130702021371,
          "PowerLowerLimit": 10,
          "PowerUpperLimit": null,
          "Method": "Hyperbolic tangent",
          "ReferenceImpedance": 1
        },
        "PhaseNoiseConfig": {
          "Level": -134,
          "FrequencyOffset": 178
        },
        "SDRInterpolationFactor": 20,
        "TxSiteConfig": {
          "owner": "ShuoChang",
          "location": "Beijing",
          "Name": "Tx_ShuoChang_Beijing_20250226_161852"
        },
        "SDRMode": "Zero-IF Receiver",
        "PathDelays": [
          0,
          1E-7
        ],
        "AveragePathGains": [
          0,
          -10
        ],
        "NumReceiveAntennas": 1,
        "FadingDistribution": "Rician",
        "KFactor": 9.213548073052479,
        "MaximumDopplerShift": 0.004239530381473457,
        "mode": "MISO"
      },
      {
        "BandWidth": [
          -11800,
          11400
        ],
        "SamplePerSymbol": 1,
        "ModulatorOrder": 8,
        "IsDigital": true,
        "NumTransmitAntennas": 2,
        "ModulatorConfig": {
          "ostbcSymbolRate": 1,
          "base": {
            "mode": "psk",
            "PhaseOffset": 6.1677232964709994,
            "SymbolOrder": "gray"
          },
          "ofdm": {
            "FFTLength": 128,
            "NumGuardBandCarriers": [
              5,
              7
            ],
            "InsertDCNull": true,
            "CyclicPrefixLength": 17,
            "Subcarrierspacing": 200,
            "Windowing": false
          }
        },
        "SampleRate": 512000,
        "TimeDuration": 0.0849609375,
        "SamplePerFrame": 43500,