{
  "StartTime": 0,
  "TimeDuration": 0.406292471042471,
  "MasterClockRate": 1.036E+6,
  "NumReceiveAntennas": 1,
  "SampleRateOffset": 0,
  "DCOffset": -54.756283954177128,
  "SDRDecimationFactor": 1,
  "IqImbalanceConfig": {
    "A": 2.5880220514152334,
    "P": 4.2494317932538115
  },
  "MemoryLessNonlinearityConfig": {
    "InputScaling": 0.93723511112770841,
    "AMAMParametersLeft": [
      2.157,
      2.159
    ],
    "AMAMParametersRight": [
      1.151,
      1.152
    ],
    "AMPMParametersLeft": [
      4.003,
      4.004
    ],
    "AMPMParametersRight": [
      9.103,
      9.105
    ],
    "OutputScaling": 0.90690695031389934,
    "Method": "Saleh model",
    "AMAMParameters": [
      2.1575755897624278,
      1.1512921184061082
    ],
    "AMPMParameters": [
      4.0030158701285279,
      9.1038096277526144
    ],
    "ReferenceImpedance": 1
  },
  "ThermalNoiseConfig": {
    "NoiseFigure": 16.875820155051144
  },
  "SNRs": [
    [
      25.637563944645368,
      26.0927112834657
    ],
    [
      14.884419771915066,
      10.498182523651931,
      19.768061054059224
    ],
    12.252613650279354,
    14.900540620831089
  ],
  "SiteConfig": {
    "owner": "ShuoChang",
    "location": "Beijing",
    "Name": "Rx_ShuoChang_Beijing_20250226_161906"
  },
  "SDRMode": "Zero-IF Receiver",
  "tx": [
    [
      {
        "BandWidth": [
          -27722,
          27722
        ],
        "SamplePerSymbol": 7,
        "ModulatorOrder": 32,
        "IsDigital": true,
        "NumTransmitAntennas": 4,
        "ModulatorConfig": {
          "ostbcSymbolRate": 0.5,
          "beta": 0.81041198816987015,
          "span": 10
        },
        "SampleRate": 1.036E+6,
        "TimeDuration": 0.010162162162162163,
        "SamplePerFrame": 10528,
        "ModulatorType": "Mill88QAM",
        "StartTime": 0.039,
        "CarrierFrequency": 31878,
        "DCOffset": -40.459074835142019,
        "IqImbalanceConfig": {
          "A": 0.85073351328322944,
          "P": 0.62632292438816961
        },
        "MemoryLessNonlinearityConfig": {
          "LinearGain": 9.66252787042087,
          "TOISpecification": "OP1dB",
          "IIP3": 24.071769111242482,
          "OIP3": 32.636106552222053,
          "IP1dB": 29.319910653118477,
          "OP1dB": 24.308265712044467,
          "IPsat": 24.766436432474528,
          "OPsat": 26.9719604587632,
          "AMPMConversion": 14.717483085224508,
          "PowerLowerLimit": 10,
          "PowerUpperLimit": null,
          "Method": "Cubic polynomial",
          "ReferenceImpedance": 1
        },
        "PhaseNoiseConfig": {
          "Level": -117,
          "FrequencyOffset": 91
        },
        "SDRInterpolationFactor": 4,
        "TxSiteConfig": {
          "owner": "ShuoChang",
          "location": "Beijing",
          "Name": "Tx_ShuoChang_Beijing_20250226_161852"
        },
        "SDRMode": "Zero-IF Receiver",
        "PathDelays": [
          0,
          1E-7
        ],
        "AveragePathGains": [
          0,
          -10
        ],
        "NumReceiveAntennas": 1,
        "FadingDistribution": "Rayleigh",
        "MaximumDopplerShift": 0.0023700234376165738,
        "mode": "MISO"
      },
      {
        "BandWidth": [
          -27721,
          27721
        ],
        "SamplePerSymbol": 7,
        "ModulatorOrder": 32,
        "IsDigital": true,
        "NumTransmitAntennas": 4,
        "ModulatorConfig": {
          "ostbcSymbolRate": 0.5,
          "beta": 0.81041198816987015,
          "span": 10
        },
        "SampleRate": 1.036E+6,
        "TimeDuration": 0.0056216216216216216,
        "SamplePerFrame": 5824,
        "ModulatorType": "Mill88QAM",
        "StartTime": 0.13916216216216215,
        "CarrierFrequency": 31878,
        "DCOffset": -40.459074835142019,
        "IqImbalanceConfig": {
          "A": 0.85073351328322944,
          "P": 0.62632292438816961
        },
        "MemoryLessNonlinearityConfig": {
          "LinearGain": 9.66252787042087,
          "TOISpecification": "OP1dB",
          "IIP3": 24.071769111242482,
          "OIP3": 32.636106552222053,
          "IP1dB": 29.319910653118477,
          "OP1dB": 24.308265712044467,
          "IPsat": 24.766436432474528,
          "OPsat": 26.9719604587632,
          "AMPMConversion": 14.717483085224508,
          "PowerLowerLimit": 10,
          "PowerUpperLimit": null,
          "Method": "Cubic polynomial",
          "ReferenceImpedance": 1
        },
        "PhaseNoiseConfig": {
          "Level": -117,
          "FrequencyOffset": 91
        },
        "SDRInterpolationFactor": 4,
        "TxSiteConfig": {
          "owner": "ShuoChang",
          "location": "Beijing",
          "Name": "Tx_ShuoChang_Beijing_20250226_161852"
        },
        "SDRMode": "Zero-IF Receiver",
        "PathDelays": [
          0,
          1E-7
        ],
        "AveragePathGains": [
          0,
          -10
        ],
        "NumReceiveAntennas": 1,
        "FadingDistribution": "Rayleigh",
        "MaximumDopplerShift": 0.0023700234376165738,
        "mode": "MISO"
      }
    ],
    [
      {
        "BandWidth": [
          -11800,
          11400
        ],
        "SamplePerSymbol": 1,
        "ModulatorOrder": 8,
        "IsDigital": true,
        "NumTransmitAntennas": 2,
        "ModulatorConfig": {
          "ostbcSymbolRate": 1,
          "base": {
            "mode": "psk",
            "PhaseOffset": 6.1677232964709994,
            "SymbolOrder": "gray"
          },
          "ofdm": {
            "FFTLength": 128,
            "NumGuardBandCarriers": [
              5,
              7
            ],
            "InsertDCNull": true,
            "CyclicPrefixLength": 17,
            "Subcarrierspacing": 200,
            "Windowing": false
          }
        },
        "SampleRate": 512000,
        "TimeDuration": 0.147265625,
        "SamplePerFrame": 75400,
        "ModulatorType": "OFDM",
        "baseModulatorType": "psk",
        "StartTime": 0.017,
        "CarrierFrequency": 79000,
        "DCOffset": -54.595483693514844,
        "IqImbalanceConfig": {
          "A": 3.5147022602733626,
          "P": 2.1405608170902344
        },
        "MemoryLessNonlinearityConfig": {
          "LinearGain": 3.1819720645633112,
          "IIP3": 23.90315015710123,
          "AMPMConversion": 14.097130702021371,
          "PowerLowerLimit": 10,
          "PowerUpperLimit": null,
          "Method": "Hyperbolic tangent",
          "ReferenceImpedance": 1
        },
        "PhaseNoiseConfig": {
          "Level": -134,
          "FrequencyOffset": 178
        },
        "SDRInterpolationFactor": 20,
        "TxSiteConfig": {
          "owner": "ShuoChang",
          "location": "Beijing",
          "Name": "Tx_ShuoChang_Beijing_20250226_161852"
        },
        "SDRMode": "Zero-IF Receiver",
        "PathDelays": [
          0,
          1E-7,
          9.9999999999999991E-6
        ],
        "AveragePathGains": [
          0,
          -5,
          -10
        ],
        "NumReceiveAntennas": 1,
        "FadingDistribution": "Rayleigh",
        "MaximumDopplerShift": 0.0021566094707647651,
        "mode": "MISO"
      },
      {
        "BandWidth": [
          -11800,
          11400
        ],
        "SamplePerSymbol": 1,
        "ModulatorOrder": 8,
        "IsDigital": true,
        "NumTransmitAntennas": 2,
        "ModulatorConfig": {
          "ostbcSymbolRate": 1,
          "base": {
            "mode": "psk",
            "PhaseOffset": 6.1677232964709994,
            "SymbolOrder": "gray"
          },
          "ofdm": {
            "FFTLength": 128,
            "NumGuardBandCarriers": [
              5,
              7
            ],
            "InsertDCNull": true,
            "CyclicPrefixLength": 17,
            "Subcarrierspacing": 200,
            "Windowing": false
          }
        },
        "SampleRate": 512000,
        "TimeDuration": 0.0849609375,
        "SamplePerFrame": 43500,