{
  "StartTime": 0,
  "TimeDuration": 0.273978271484375,
  "MasterClockRate": 1.6384E+6,
  "NumReceiveAntennas": 4,
  "SampleRateOffset": 0,
  "DCOffset": -42.884948540338257,
  "SDRDecimationFactor": 1,
  "IqImbalanceConfig": {
    "A": 0.94541283392491959,
    "P": 4.7019746467259624
  },
  "MemoryLessNonlinearityConfig": {
    "LinearGain": 4.72960967432141,
    "TOISpecification": "IIP3",
    "IIP3": 31.761903048404776,
    "OIP3": 21.478603063579904,
    "IP1dB": 34.124007451711137,
    "OP1dB": 32.1646628718992,
    "IPsat": 22.499515291728311,
    "OPsat": 31.949747421593596,
    "AMPMConversion": 19.003022707254186,
    "PowerLowerLimit": 10,
    "PowerUpperLimit": null,
    "Method": "Cubic polynomial",
    "ReferenceImpedance": 1
  },
  "ThermalNoiseConfig": {
    "NoiseFigure": 18.870792311980061
  },
  "SNRs": [
    [
      18.89363689767077,
      19.860435741495085,
      7.3234513490859836
    ],
    -1.5414420835712721,
    [
      15.938227246423171,
      16.77937264819667,
      12.880699307389278
    ],
    0.23550457378315945,
    [
      15.900730497869983,
      6.3828258040315227,
      15.8885224322814
    ],
    2.4651783219481667,
    [
      14.584563145814414,
      16.744943272382947,
      5.4551637095047711
    ],
    2.2841214591491563
  ],
  "SiteConfig": {
    "owner": "ShuoChang",
    "location": "Beijing",
    "Name": "Rx_ShuoChang_Beijing_20250226_161918"
  },
  "SDRMode": "Zero-IF Receiver",
  "tx": [
    [
      {
        "BandWidth": [
          -22888,
          22888
        ],
        "SamplePerSymbol": 6,
        "ModulatorOrder": 2,
        "IsDigital": true,
        "NumTransmitAntennas": 1,
        "ModulatorConfig": {
          "ostbcSymbolRate": 0.75,
          "beta": 0.72635860220472914,
          "span": 14
        },
        "SampleRate": 1.152E+6,
        "TimeDuration": 0.03,
        "SamplePerFrame": 34560,
        "ModulatorType": "OOK",
        "StartTime": 0.086000000000000007,
        "CarrierFrequency": 30572,
        "DCOffset": -48.447731606588441,
        "IqImbalanceConfig": {
          "A": 3.1510381215671117,
          "P": 2.8169278201288965
        },
        "MemoryLessNonlinearityConfig": {
          "InputScaling": -0.63612330228005742,
          "AMAMParametersLeft": [
            2.157,
            2.159
          ],
          "AMAMParametersRight": [
            1.151,
            1.152
          ],
          "AMPMParametersLeft": [
            4.003,
            4.004
          ],
          "AMPMParametersRight": [
            9.103,
            9.105
          ],
          "OutputScaling": -0.25372571911585395,
          "Method": "Saleh model",
          "AMAMParameters": [
            2.157087144617595,
            1.1515556120722668
          ],
          "AMPMParameters": [
            4.0032123155937507,
            9.103636831472528
          ],
          "ReferenceImpedance": 1
        },
        "PhaseNoiseConfig": {
          "Level": -109,
          "FrequencyOffset": 104
        },
        "SDRInterpolationFactor": 6,
        "TxSiteConfig": {
          "owner": "ShuoChang",
          "location": "Beijing",
          "Name": "Tx_ShuoChang_Beijing_20250226_161915"
        },
        "SDRMode": "Zero-IF Receiver",
        "PathDelays": [
          0,
          1E-6,
          9.9999999999999991E-6
        ],
        "AveragePathGains": [
          0,
          -5,
          -10
        ],
        "NumReceiveAntennas": 4,
        "FadingDistribution": "Rician",
        "KFactor": 8.0174051327875127,
        "MaximumDopplerShift": 0.0027579441953526512,
        "mode": "SIMO"
      },
      {
        "BandWidth": [
          -23028,
          23028
        ],
        "SamplePerSymbol": 6,
        "ModulatorOrder": 2,
        "IsDigital": true,
        "NumTransmitAntennas": 1,
        "ModulatorConfig": {
          "ostbcSymbolRate": 0.75,
          "beta": 0.72635860220472914,
          "span": 14
        },
        "SampleRate": 1.152E+6,
        "TimeDuration": 0.0190625,
        "SamplePerFrame": 21960,
        "ModulatorType": "OOK",
        "StartTime": 0.132,
        "CarrierFrequency": 30572,
        "DCOffset": -48.447731606588441,
        "IqImbalanceConfig": {
          "A": 3.1510381215671117,
          "P": 2.8169278201288965
        },
        "MemoryLessNonlinearityConfig": {
          "InputScaling": -0.63612330228005742,
          "AMAMParametersLeft": [
            2.157,
            2.159
          ],
          "AMAMParametersRight": [
            1.151,
            1.152
          ],
          "AMPMParametersLeft": [
            4.003,
            4.004
          ],
          "AMPMParametersRight": [
            9.103,
            9.105
          ],
          "OutputScaling": -0.25372571911585395,
          "Method": "Saleh model",
          "AMAMParameters": [
            2.157087144617595,
            1.1515556120722668
          ],
          "AMPMParameters": [
            4.0032123155937507,
            9.103636831472528
          ],
          "ReferenceImpedance": 1
        },
        "PhaseNoiseConfig": {
          "Level": -109,
          "FrequencyOffset": 104
        },
        "SDRInterpolationFactor": 6,
        "TxSiteConfig": {
          "owner": "ShuoChang",
          "location": "Beijing",
          "Name": "Tx_ShuoChang_Beijing_20250226_161915"
        },
        "SDRMode": "Zero-IF Receiver",
        "PathDelays": [
          0,
          1E-6,
          9.9999999999999991E-6
        ],
        "AveragePathGains": [
          0,
          -5,
          -10
        ],
        "NumReceiveAntennas": 4,
        "FadingDistribution": "Rician",
        "KFactor": 8.0174051327875127,
        "MaximumDopplerShift": 0.0027579441953526512,
        "mode": "SIMO"
      },
      {
        "BandWidth": [
          -22834,
          22834
        ],
        "SamplePerSymbol": 6,
        "ModulatorOrder": 2,
        "IsDigital": true,
        "NumTransmitAntennas": 1,
        "ModulatorConfig": {
          "ostbcSymbolRate": 0.75,
          "beta": 0.72635860220472914,
          "span": 14
        },
        "SampleRate": 1.152E+6,
        "TimeDuration": 0.0278125,
        "SamplePerFrame": 32040,
        "ModulatorType": "OOK",
        "StartTime": 0.24606250000000002,
        "CarrierFrequency": 30572,
        "DCOffset": -48.447731606588441,
        "IqImbalanceConfig": {
          "A": 3.1510381215671117,
          "P": 2.8169278201288965
        },
        "MemoryLessNonlinearityConfig": {
          "InputScaling": -0.63612330228005742,
          "AMAMParametersLeft": [
            2.157,
            2.159
          ],
          "AMAMParametersRight": [
            1.151,
            1.152
          ],
          "AMPMParametersLeft": [
            4.003,
            4.004
          ],
          "AMPMParametersRight": [
            9.103,
            9.105
          ],
          "OutputScaling": -0.25372571911585395,
          "Method": "Saleh model",
          "AMAMParameters": [
            2.157087144617595,
            1.1515556120722668
          ],
          "AMPMParameters": [
            4.0032123155937507,
            9.103636831472528
          ],
          "ReferenceImpedance": 1
        },
        "PhaseNoiseConfig": {
          "Level": -109,
          "FrequencyOffset": 104
        },
        "SDRInterpolationFactor": 6,
        "TxSiteConfig": {
          "owner": "ShuoChang",
          "location": "Beijing",
          "Name": "Tx_ShuoChang_Beijing_20250226_161915"
        },
        "SDRMode": "Zero-IF Receiver",
        "PathDelays": [
          0,
          1E-6,
          9.9999999999999991E-6
        ],
        "AveragePathGains": [
          0,
          -5,
          -10
        ],
        "NumReceiveAntennas": 4,
        "FadingDistribution": "Rician",
        "KFactor": 8.0174051327875127,
        "MaximumDopplerShift": 0.0027579441953526512,